CustomerId,BillingId,SubscriptionType,BillingType,CustomerLongevity
1469590,432156,12 Months,Paytm,4 Years
1203873,432157,3 Months,NetBanking,2 Years
1432761,432158,6 Months,NetBanking,3 Years
1207582,432159,12 Months,Paytm,4 Years
1674436,432160,12 Months,Paytm,4 Years
1213971,432161,12 Months,Paytm,4 Years
1428822,432162,12 Months,Paytm,4 Years
1705739,432163,3 Months,NetBanking,2 Years
1715169,432164,12 Months,Paytm,4 Years
1722991,432165,3 Months,NetBanking,2 Years
1719964,432166,1 Months,Paytm,1 Years
1818043,432167,12 Months,Paytm,4 Years
1231297,432168,1 Months,Paytm,1 Years
1172292,432169,12 Months,Paytm,4 Years
1154808,432170,12 Months,Paytm,4 Years
1648542,432171,3 Months,NetBanking,2 Years
1193245,432172,12 Months,Paytm,4 Years
1740408,432173,6 Months,NetBanking,3 Years
1250076,432174,3 Months,NetBanking,2 Years
1616625,432175,3 Months,NetBanking,2 Years
1428429,432176,12 Months,Paytm,4 Years
1272219,432177,6 Months,NetBanking,3 Years
1771414,432178,6 Months,NetBanking,3 Years
1666563,432179,12 Months,Paytm,4 Years
1847764,432180,1 Months,Paytm,1 Years
1138996,432181,3 Months,NetBanking,2 Years
1578742,432182,12 Months,Paytm,4 Years
1709277,432183,6 Months,NetBanking,3 Years
1508823,432184,3 Months,NetBanking,2 Years
1323870,432185,12 Months,Paytm,4 Years
1414851,432186,6 Months,NetBanking,3 Years
1764281,432187,3 Months,NetBanking,2 Years
1291798,432188,3 Months,NetBanking,2 Years
1873969,432189,12 Months,Paytm,4 Years
1888210,432190,1 Months,Paytm,1 Years
1547494,432191,3 Months,NetBanking,2 Years
1674114,432192,6 Months,NetBanking,3 Years
1330233,432193,3 Months,NetBanking,2 Years
1443666,432194,3 Months,NetBanking,2 Years
1574283,432195,6 Months,NetBanking,3 Years
1866940,432196,3 Months,NetBanking,2 Years
1188917,432197,1 Months,Paytm,1 Years
1491485,432198,12 Months,Paytm,4 Years
1381317,432199,12 Months,Paytm,4 Years
1246402,432200,12 Months,Paytm,4 Years
1641291,432201,12 Months,Paytm,4 Years
1716706,432202,12 Months,Paytm,4 Years
1395153,432203,3 Months,NetBanking,2 Years
1697859,432204,12 Months,Paytm,4 Years
1193227,432205,3 Months,NetBanking,2 Years
1850736,432206,3 Months,NetBanking,2 Years
1771270,432207,3 Months,NetBanking,2 Years
1840431,432208,3 Months,NetBanking,2 Years
1502325,432209,1 Months,Paytm,1 Years
1151072,432210,12 Months,Paytm,4 Years
1875288,432211,3 Months,NetBanking,2 Years
1361963,432212,1 Months,Paytm,1 Years
1599723,432213,3 Months,NetBanking,2 Years
1438784,432214,3 Months,NetBanking,2 Years
1274604,432215,12 Months,Paytm,4 Years
1548860,432216,1 Months,Paytm,1 Years
1570047,432217,12 Months,Paytm,4 Years
1825757,432218,12 Months,Paytm,4 Years
1304525,432219,3 Months,NetBanking,2 Years
1750074,432220,12 Months,Paytm,4 Years
1134752,432221,12 Months,Paytm,4 Years
1505713,432222,3 Months,NetBanking,2 Years
1724003,432223,1 Months,Paytm,1 Years
1388519,432224,12 Months,Paytm,4 Years
1724882,432225,12 Months,Paytm,4 Years
1463336,432226,3 Months,NetBanking,2 Years
1804919,432227,3 Months,NetBanking,2 Years
1591747,432228,12 Months,Paytm,4 Years
1743709,432229,1 Months,Paytm,1 Years
1472593,432230,12 Months,Paytm,4 Years
1641977,432231,12 Months,Paytm,4 Years
1649753,432232,6 Months,NetBanking,3 Years
1149571,432233,12 Months,Paytm,4 Years
1691240,432234,3 Months,NetBanking,2 Years
1838961,432235,1 Months,Paytm,1 Years
1403464,432236,1 Months,Paytm,1 Years
1646022,432237,6 Months,NetBanking,3 Years
1106801,432238,12 Months,Paytm,4 Years
1616296,432239,12 Months,Paytm,4 Years
1238277,432240,12 Months,Paytm,4 Years
1175457,432241,3 Months,NetBanking,2 Years
1576577,432242,1 Months,Paytm,1 Years
1586725,432243,12 Months,Paytm,4 Years
1660853,432244,6 Months,NetBanking,3 Years
1132472,432245,6 Months,NetBanking,3 Years
1368120,432246,12 Months,Paytm,4 Years
1403185,432247,6 Months,NetBanking,3 Years
1601892,432248,6 Months,NetBanking,3 Years
1220273,432249,12 Months,Paytm,4 Years
1713632,432250,12 Months,Paytm,4 Years
1416025,432251,12 Months,Paytm,4 Years
1610826,432252,3 Months,NetBanking,2 Years
1887006,432253,12 Months,Paytm,4 Years
1570732,432254,12 Months,Paytm,4 Years
1617889,432255,12 Months,Paytm,4 Years
1318902,432256,12 Months,Paytm,4 Years
1466716,432257,12 Months,Paytm,4 Years
1621669,432258,3 Months,NetBanking,2 Years
1901818,432259,6 Months,NetBanking,3 Years
1114473,432260,12 Months,Paytm,4 Years
1514853,432261,6 Months,NetBanking,3 Years
1645589,432262,12 Months,Paytm,4 Years
1504772,432263,3 Months,NetBanking,2 Years
1698579,432264,3 Months,NetBanking,2 Years
1754975,432265,3 Months,NetBanking,2 Years
1222155,432266,3 Months,NetBanking,2 Years
1719636,432267,12 Months,Paytm,4 Years
1323966,432268,6 Months,NetBanking,3 Years
1683052,432269,3 Months,NetBanking,2 Years
1405004,432270,1 Months,Paytm,1 Years
1848791,432271,1 Months,Paytm,1 Years
1229152,432272,6 Months,NetBanking,3 Years
1206049,432273,6 Months,NetBanking,3 Years
1651983,432274,12 Months,Paytm,4 Years
1357789,432275,6 Months,NetBanking,3 Years
1506336,432276,3 Months,NetBanking,2 Years
1171493,432277,3 Months,NetBanking,2 Years
1278346,432278,3 Months,NetBanking,2 Years
1852036,432279,12 Months,Paytm,4 Years
1717438,432280,6 Months,NetBanking,3 Years
1168894,432281,3 Months,NetBanking,2 Years
1169906,432282,3 Months,NetBanking,2 Years
1693022,432283,3 Months,NetBanking,2 Years
1125378,432284,3 Months,NetBanking,2 Years
1355140,432285,3 Months,NetBanking,2 Years
1156488,432286,3 Months,NetBanking,2 Years
1817517,432287,6 Months,NetBanking,3 Years
1183266,432288,6 Months,NetBanking,3 Years
1834069,432289,12 Months,Paytm,4 Years
1501095,432290,12 Months,Paytm,4 Years
1577050,432291,3 Months,NetBanking,2 Years
1601894,432292,3 Months,NetBanking,2 Years
1376069,432293,6 Months,NetBanking,3 Years
1450465,432294,3 Months,NetBanking,2 Years
1565903,432295,3 Months,NetBanking,2 Years
1124574,432296,3 Months,NetBanking,2 Years
1432828,432297,1 Months,Paytm,1 Years
1682758,432298,3 Months,NetBanking,2 Years
1902944,432299,3 Months,NetBanking,2 Years
1774498,432300,12 Months,Paytm,4 Years
1411456,432301,3 Months,NetBanking,2 Years
1387053,432302,12 Months,Paytm,4 Years
1563602,432303,6 Months,NetBanking,3 Years
1901178,432304,3 Months,NetBanking,2 Years
1841686,432305,12 Months,Paytm,4 Years
1403203,432306,12 Months,Paytm,4 Years
1448565,432307,12 Months,Paytm,4 Years
1538125,432308,1 Months,Paytm,1 Years
1115975,432309,12 Months,Paytm,4 Years
1230615,432310,12 Months,Paytm,4 Years
1841503,432311,12 Months,Paytm,4 Years
1321123,432312,12 Months,Paytm,4 Years
1691733,432313,1 Months,Paytm,1 Years
1680095,432314,6 Months,NetBanking,3 Years
1660328,432315,3 Months,NetBanking,2 Years
1187072,432316,12 Months,Paytm,4 Years
1460273,432317,1 Months,Paytm,1 Years
1138817,432318,6 Months,NetBanking,3 Years
1628583,432319,12 Months,Paytm,4 Years
1734823,432320,12 Months,Paytm,4 Years
1280180,432321,3 Months,NetBanking,2 Years
1279502,432322,3 Months,NetBanking,2 Years
1699886,432323,1 Months,Paytm,1 Years
1183811,432324,12 Months,Paytm,4 Years
1775311,432325,12 Months,Paytm,4 Years
1770037,432326,6 Months,NetBanking,3 Years
1420832,432327,1 Months,Paytm,1 Years
1388983,432328,3 Months,NetBanking,2 Years
1827797,432329,3 Months,NetBanking,2 Years
1758397,432330,1 Months,Paytm,1 Years
1126090,432331,1 Months,Paytm,1 Years
1653715,432332,1 Months,Paytm,1 Years
1534783,432333,12 Months,Paytm,4 Years
1705627,432334,3 Months,NetBanking,2 Years
1156764,432335,12 Months,Paytm,4 Years
1351247,432336,1 Months,Paytm,1 Years
1324848,432337,3 Months,NetBanking,2 Years
1706494,432338,3 Months,NetBanking,2 Years
1325093,432339,12 Months,Paytm,4 Years
1168078,432340,12 Months,Paytm,4 Years
1625627,432341,3 Months,NetBanking,2 Years
1645519,432342,12 Months,Paytm,4 Years
1308726,432343,6 Months,NetBanking,3 Years
1460398,432344,1 Months,Paytm,1 Years
1802699,432345,12 Months,Paytm,4 Years
1693215,432346,6 Months,NetBanking,3 Years
1493175,432347,12 Months,Paytm,4 Years
1387043,432348,3 Months,NetBanking,2 Years
1603493,432349,3 Months,NetBanking,2 Years
1807486,432350,12 Months,Paytm,4 Years
1543290,432351,6 Months,NetBanking,3 Years
1468750,432352,1 Months,Paytm,1 Years
1849580,432353,12 Months,Paytm,4 Years
1855241,432354,12 Months,Paytm,4 Years
1709944,432355,6 Months,NetBanking,3 Years
1781381,432356,3 Months,NetBanking,2 Years
1505411,432357,6 Months,NetBanking,3 Years
1662647,432358,12 Months,Paytm,4 Years
1277108,432359,12 Months,Paytm,4 Years
1632379,432360,1 Months,Paytm,1 Years
1232889,432361,12 Months,Paytm,4 Years
1729265,432362,12 Months,Paytm,4 Years
1266769,432363,6 Months,NetBanking,3 Years
1457378,432364,3 Months,NetBanking,2 Years
1241829,432365,3 Months,NetBanking,2 Years
1586696,432366,3 Months,NetBanking,2 Years
1878718,432367,12 Months,Paytm,4 Years
1613024,432368,12 Months,Paytm,4 Years
1781216,432369,12 Months,Paytm,4 Years
1529476,432370,3 Months,NetBanking,2 Years
1680133,432371,6 Months,NetBanking,3 Years
1671701,432372,1 Months,Paytm,1 Years
1698484,432373,3 Months,NetBanking,2 Years
1482932,432374,3 Months,NetBanking,2 Years
1332984,432375,12 Months,Paytm,4 Years
1280672,432376,1 Months,Paytm,1 Years
1622064,432377,12 Months,Paytm,4 Years
1593121,432378,3 Months,NetBanking,2 Years
1128002,432379,12 Months,Paytm,4 Years
1761229,432380,3 Months,NetBanking,2 Years
1564360,432381,3 Months,NetBanking,2 Years
1749949,432382,3 Months,NetBanking,2 Years
1468094,432383,12 Months,Paytm,4 Years
1857654,432384,3 Months,NetBanking,2 Years
1785759,432385,1 Months,Paytm,1 Years
1596358,432386,3 Months,NetBanking,2 Years
1515190,432387,12 Months,Paytm,4 Years
1720597,432388,1 Months,Paytm,1 Years
1487170,432389,3 Months,NetBanking,2 Years
1570458,432390,1 Months,Paytm,1 Years
1216325,432391,3 Months,NetBanking,2 Years
1810247,432392,3 Months,NetBanking,2 Years
1303121,432393,3 Months,NetBanking,2 Years
1755306,432394,3 Months,NetBanking,2 Years
1429938,432395,6 Months,NetBanking,3 Years
1255291,432396,3 Months,NetBanking,2 Years
1766084,432397,3 Months,NetBanking,2 Years
1598979,432398,12 Months,Paytm,4 Years
1700009,432399,3 Months,NetBanking,2 Years
1591456,432400,6 Months,NetBanking,3 Years
1444099,432401,1 Months,Paytm,1 Years
1627604,432402,12 Months,Paytm,4 Years
1533746,432403,1 Months,Paytm,1 Years
1659113,432404,3 Months,NetBanking,2 Years
1276035,432405,12 Months,Paytm,4 Years
1812017,432406,12 Months,Paytm,4 Years
1540012,432407,3 Months,NetBanking,2 Years
1582743,432408,3 Months,NetBanking,2 Years
1891614,432409,6 Months,NetBanking,3 Years
1685016,432410,1 Months,Paytm,1 Years
1656238,432411,1 Months,Paytm,1 Years
1444375,432412,3 Months,NetBanking,2 Years
1148952,432413,1 Months,Paytm,1 Years
1397248,432414,12 Months,Paytm,4 Years
1513777,432415,12 Months,Paytm,4 Years
1352424,432416,3 Months,NetBanking,2 Years
1585697,432417,12 Months,Paytm,4 Years
1552427,432418,12 Months,Paytm,4 Years
1194650,432419,12 Months,Paytm,4 Years
1516910,432420,12 Months,Paytm,4 Years
1847834,432421,6 Months,NetBanking,3 Years
1647128,432422,12 Months,Paytm,4 Years
1232944,432423,6 Months,NetBanking,3 Years
1310758,432424,12 Months,Paytm,4 Years
1650945,432425,3 Months,NetBanking,2 Years
1193039,432426,6 Months,NetBanking,3 Years
1753115,432427,12 Months,Paytm,4 Years
1799149,432428,12 Months,Paytm,4 Years
1152260,432429,12 Months,Paytm,4 Years
1522384,432430,1 Months,Paytm,1 Years
1826417,432431,3 Months,NetBanking,2 Years
1860196,432432,3 Months,NetBanking,2 Years
1832835,432433,12 Months,Paytm,4 Years
1268091,432434,12 Months,Paytm,4 Years
1755105,432435,12 Months,Paytm,4 Years
1769868,432436,12 Months,Paytm,4 Years
1243419,432437,3 Months,NetBanking,2 Years
1131444,432438,12 Months,Paytm,4 Years
1844436,432439,12 Months,Paytm,4 Years
1856693,432440,3 Months,NetBanking,2 Years
1405233,432441,1 Months,Paytm,1 Years
1442483,432442,6 Months,NetBanking,3 Years
1761078,432443,12 Months,Paytm,4 Years
1838488,432444,12 Months,Paytm,4 Years
1379318,432445,12 Months,Paytm,4 Years
1688183,432446,3 Months,NetBanking,2 Years
1340983,432447,12 Months,Paytm,4 Years
1163798,432448,12 Months,Paytm,4 Years
1225433,432449,12 Months,Paytm,4 Years
1563134,432450,3 Months,NetBanking,2 Years
1559877,432451,3 Months,NetBanking,2 Years
1437216,432452,12 Months,Paytm,4 Years
1347244,432453,3 Months,NetBanking,2 Years
1124063,432454,12 Months,Paytm,4 Years
1395426,432455,3 Months,NetBanking,2 Years
1313483,432456,12 Months,Paytm,4 Years
1704941,432457,1 Months,Paytm,1 Years
1420165,432458,3 Months,NetBanking,2 Years
1600427,432459,6 Months,NetBanking,3 Years
1722344,432460,3 Months,NetBanking,2 Years
1535647,432461,3 Months,NetBanking,2 Years
1774831,432462,12 Months,Paytm,4 Years
1385836,432463,6 Months,NetBanking,3 Years
1211897,432464,12 Months,Paytm,4 Years
1241781,432465,12 Months,Paytm,4 Years
1538187,432466,12 Months,Paytm,4 Years
1770099,432467,1 Months,Paytm,1 Years
1246068,432468,12 Months,Paytm,4 Years
1738925,432469,6 Months,NetBanking,3 Years
1546660,432470,3 Months,NetBanking,2 Years
1363538,432471,12 Months,Paytm,4 Years
1173975,432472,6 Months,NetBanking,3 Years
1527645,432473,12 Months,Paytm,4 Years
1269451,432474,3 Months,NetBanking,2 Years
1635930,432475,12 Months,Paytm,4 Years
1443537,432476,3 Months,NetBanking,2 Years
1366526,432477,6 Months,NetBanking,3 Years
1492566,432478,1 Months,Paytm,1 Years
1212992,432479,3 Months,NetBanking,2 Years
1449219,432480,6 Months,NetBanking,3 Years
1113782,432481,12 Months,Paytm,4 Years
1127014,432482,12 Months,Paytm,4 Years
1730202,432483,6 Months,NetBanking,3 Years
1831874,432484,3 Months,NetBanking,2 Years
1839770,432485,12 Months,Paytm,4 Years
1397184,432486,12 Months,Paytm,4 Years
1893558,432487,3 Months,NetBanking,2 Years
1392044,432488,3 Months,NetBanking,2 Years
1658501,432489,12 Months,Paytm,4 Years
1749671,432490,12 Months,Paytm,4 Years
1497135,432491,12 Months,Paytm,4 Years
1742101,432492,12 Months,Paytm,4 Years
1674059,432493,3 Months,NetBanking,2 Years
1507864,432494,12 Months,Paytm,4 Years
1191977,432495,3 Months,NetBanking,2 Years
1572898,432496,12 Months,Paytm,4 Years
1193436,432497,12 Months,Paytm,4 Years
1182073,432498,6 Months,NetBanking,3 Years
1424965,432499,1 Months,Paytm,1 Years
1608183,432500,1 Months,Paytm,1 Years
1473941,432501,3 Months,NetBanking,2 Years
1540515,432502,12 Months,Paytm,4 Years
1318823,432503,12 Months,Paytm,4 Years
1545574,432504,3 Months,NetBanking,2 Years
1408229,432505,6 Months,NetBanking,3 Years
1605868,432506,12 Months,Paytm,4 Years
1176865,432507,3 Months,NetBanking,2 Years
1806619,432508,12 Months,Paytm,4 Years
1273483,432509,3 Months,NetBanking,2 Years
1754537,432510,12 Months,Paytm,4 Years
1419059,432511,3 Months,NetBanking,2 Years
1141822,432512,12 Months,Paytm,4 Years
1825588,432513,3 Months,NetBanking,2 Years
1426103,432514,3 Months,NetBanking,2 Years
1227016,432515,12 Months,Paytm,4 Years
1750981,432516,12 Months,Paytm,4 Years
1805732,432517,6 Months,NetBanking,3 Years
1144294,432518,3 Months,NetBanking,2 Years
1476733,432519,3 Months,NetBanking,2 Years
1331656,432520,1 Months,Paytm,1 Years
1377901,432521,12 Months,Paytm,4 Years
1213250,432522,1 Months,Paytm,1 Years
1787350,432523,12 Months,Paytm,4 Years
1488941,432524,3 Months,NetBanking,2 Years
1435055,432525,12 Months,Paytm,4 Years
1471101,432526,12 Months,Paytm,4 Years
1312020,432527,12 Months,Paytm,4 Years
1511094,432528,6 Months,NetBanking,3 Years
1703409,432529,12 Months,Paytm,4 Years
1663400,432530,12 Months,Paytm,4 Years
1632577,432531,12 Months,Paytm,4 Years
1711334,432532,6 Months,NetBanking,3 Years
1820644,432533,12 Months,Paytm,4 Years
1633625,432534,3 Months,NetBanking,2 Years
1493373,432535,12 Months,Paytm,4 Years
1140091,432536,12 Months,Paytm,4 Years
1530567,432537,12 Months,Paytm,4 Years
1560648,432538,12 Months,Paytm,4 Years
1835901,432539,1 Months,Paytm,1 Years
1446865,432540,3 Months,NetBanking,2 Years
1159806,432541,1 Months,Paytm,1 Years
1198484,432542,3 Months,NetBanking,2 Years
1900089,432543,12 Months,Paytm,4 Years
1466824,432544,12 Months,Paytm,4 Years
1428226,432545,3 Months,NetBanking,2 Years
1590101,432546,3 Months,NetBanking,2 Years
1655095,432547,12 Months,Paytm,4 Years
1221103,432548,12 Months,Paytm,4 Years
1660809,432549,12 Months,Paytm,4 Years
1221118,432550,6 Months,NetBanking,3 Years
1462188,432551,6 Months,NetBanking,3 Years
1461535,432552,12 Months,Paytm,4 Years
1587786,432553,3 Months,NetBanking,2 Years
1565522,432554,1 Months,Paytm,1 Years
1813841,432555,1 Months,Paytm,1 Years
1393314,432556,12 Months,Paytm,4 Years
1121764,432557,12 Months,Paytm,4 Years
1147492,432558,3 Months,NetBanking,2 Years
1174819,432559,3 Months,NetBanking,2 Years
1623240,432560,12 Months,Paytm,4 Years
1766191,432561,1 Months,Paytm,1 Years
1437656,432562,12 Months,Paytm,4 Years
1225095,432563,3 Months,NetBanking,2 Years
1755656,432564,3 Months,NetBanking,2 Years
1143716,432565,3 Months,NetBanking,2 Years
1465874,432566,12 Months,Paytm,4 Years
1661563,432567,3 Months,NetBanking,2 Years
1238022,432568,3 Months,NetBanking,2 Years
1276723,432569,3 Months,NetBanking,2 Years
1564344,432570,3 Months,NetBanking,2 Years
1774377,432571,3 Months,NetBanking,2 Years
1558926,432572,1 Months,Paytm,1 Years
1555430,432573,3 Months,NetBanking,2 Years
1529020,432574,3 Months,NetBanking,2 Years
1291905,432575,3 Months,NetBanking,2 Years
1213257,432576,6 Months,NetBanking,3 Years
1388888,432577,3 Months,NetBanking,2 Years
1186232,432578,6 Months,NetBanking,3 Years
1358802,432579,6 Months,NetBanking,3 Years
1703163,432580,3 Months,NetBanking,2 Years
1581463,432581,6 Months,NetBanking,3 Years
1412269,432582,3 Months,NetBanking,2 Years
1787696,432583,6 Months,NetBanking,3 Years
1657309,432584,12 Months,Paytm,4 Years
1817813,432585,12 Months,Paytm,4 Years
1534316,432586,12 Months,Paytm,4 Years
1304185,432587,6 Months,NetBanking,3 Years
1714829,432588,12 Months,Paytm,4 Years
1796503,432589,3 Months,NetBanking,2 Years
1336695,432590,3 Months,NetBanking,2 Years
1879817,432591,1 Months,Paytm,1 Years
1779410,432592,12 Months,Paytm,4 Years
1727640,432593,12 Months,Paytm,4 Years
1119602,432594,12 Months,Paytm,4 Years
1548375,432595,1 Months,Paytm,1 Years
1515084,432596,12 Months,Paytm,4 Years
1523394,432597,6 Months,NetBanking,3 Years
1327436,432598,6 Months,NetBanking,3 Years
1769463,432599,12 Months,Paytm,4 Years
1454649,432600,6 Months,NetBanking,3 Years
1282543,432601,12 Months,Paytm,4 Years
1604148,432602,12 Months,Paytm,4 Years
1461545,432603,3 Months,NetBanking,2 Years
1579121,432604,12 Months,Paytm,4 Years
1662555,432605,6 Months,NetBanking,3 Years
1451745,432606,3 Months,NetBanking,2 Years
1590235,432607,1 Months,Paytm,1 Years
1610382,432608,12 Months,Paytm,4 Years
1611614,432609,12 Months,Paytm,4 Years
1790490,432610,6 Months,NetBanking,3 Years
1396015,432611,1 Months,Paytm,1 Years
1140019,432612,3 Months,NetBanking,2 Years
1751876,432613,12 Months,Paytm,4 Years
1344543,432614,1 Months,Paytm,1 Years
1486366,432615,3 Months,NetBanking,2 Years
1862524,432616,3 Months,NetBanking,2 Years
1794199,432617,6 Months,NetBanking,3 Years
1114695,432618,1 Months,Paytm,1 Years
1252248,432619,12 Months,Paytm,4 Years
1333603,432620,1 Months,Paytm,1 Years
1253927,432621,12 Months,Paytm,4 Years
1255808,432622,3 Months,NetBanking,2 Years
1777177,432623,6 Months,NetBanking,3 Years
1347859,432624,3 Months,NetBanking,2 Years
1179829,432625,6 Months,NetBanking,3 Years
1584896,432626,3 Months,NetBanking,2 Years
1165835,432627,12 Months,Paytm,4 Years
1420000,432628,6 Months,NetBanking,3 Years
1792340,432629,12 Months,Paytm,4 Years
1154530,432630,3 Months,NetBanking,2 Years
1464283,432631,12 Months,Paytm,4 Years
1643578,432632,12 Months,Paytm,4 Years
1724729,432633,3 Months,NetBanking,2 Years
1305749,432634,12 Months,Paytm,4 Years
1640580,432635,12 Months,Paytm,4 Years
1572070,432636,1 Months,Paytm,1 Years
1719894,432637,1 Months,Paytm,1 Years
1179715,432638,12 Months,Paytm,4 Years
1648432,432639,3 Months,NetBanking,2 Years
1809085,432640,12 Months,Paytm,4 Years
1595096,432641,12 Months,Paytm,4 Years
1280201,432642,12 Months,Paytm,4 Years
1512766,432643,12 Months,Paytm,4 Years
1355440,432644,3 Months,NetBanking,2 Years
1237459,432645,6 Months,NetBanking,3 Years
1874619,432646,3 Months,NetBanking,2 Years
1867397,432647,12 Months,Paytm,4 Years
1797961,432648,1 Months,Paytm,1 Years
1773539,432649,12 Months,Paytm,4 Years
1518424,432650,3 Months,NetBanking,2 Years
1833845,432651,12 Months,Paytm,4 Years
1728313,432652,1 Months,Paytm,1 Years
1611295,432653,6 Months,NetBanking,3 Years
1680973,432654,3 Months,NetBanking,2 Years
1325678,432655,12 Months,Paytm,4 Years
1566812,432656,1 Months,Paytm,1 Years
1402031,432657,12 Months,Paytm,4 Years
1787792,432658,12 Months,Paytm,4 Years
1893730,432659,12 Months,Paytm,4 Years
1391963,432660,12 Months,Paytm,4 Years
1359833,432661,12 Months,Paytm,4 Years
1860964,432662,3 Months,NetBanking,2 Years
1397210,432663,3 Months,NetBanking,2 Years
1300113,432664,3 Months,NetBanking,2 Years
1121978,432665,3 Months,NetBanking,2 Years
1625109,432666,3 Months,NetBanking,2 Years
1591192,432667,3 Months,NetBanking,2 Years
1439117,432668,12 Months,Paytm,4 Years
1597948,432669,12 Months,Paytm,4 Years
1436931,432670,1 Months,Paytm,1 Years
1359864,432671,6 Months,NetBanking,3 Years
1279507,432672,12 Months,Paytm,4 Years
1250900,432673,12 Months,Paytm,4 Years
1672101,432674,3 Months,NetBanking,2 Years
1541522,432675,12 Months,Paytm,4 Years
1542760,432676,12 Months,Paytm,4 Years
1312890,432677,3 Months,NetBanking,2 Years
1575976,432678,12 Months,Paytm,4 Years
1300737,432679,12 Months,Paytm,4 Years
1579354,432680,12 Months,Paytm,4 Years
1165396,432681,6 Months,NetBanking,3 Years
1845999,432682,6 Months,NetBanking,3 Years
1836203,432683,1 Months,Paytm,1 Years
1796884,432684,12 Months,Paytm,4 Years
1545916,432685,12 Months,Paytm,4 Years
1666376,432686,1 Months,Paytm,1 Years
1337077,432687,12 Months,Paytm,4 Years
1670246,432688,12 Months,Paytm,4 Years
1112826,432689,6 Months,NetBanking,3 Years
1321430,432690,3 Months,NetBanking,2 Years
1602400,432691,1 Months,Paytm,1 Years
1381249,432692,6 Months,NetBanking,3 Years
1815409,432693,12 Months,Paytm,4 Years
1762049,432694,12 Months,Paytm,4 Years
1776853,432695,1 Months,Paytm,1 Years
1234944,432696,1 Months,Paytm,1 Years
1185915,432697,12 Months,Paytm,4 Years
1355416,432698,12 Months,Paytm,4 Years
1736265,432699,1 Months,Paytm,1 Years
1258426,432700,12 Months,Paytm,4 Years
1836234,432701,3 Months,NetBanking,2 Years
1296879,432702,12 Months,Paytm,4 Years
1438110,432703,1 Months,Paytm,1 Years
1667627,432704,12 Months,Paytm,4 Years
1862061,432705,1 Months,Paytm,1 Years
1164275,432706,12 Months,Paytm,4 Years
1863760,432707,12 Months,Paytm,4 Years
1199639,432708,1 Months,Paytm,1 Years
1774959,432709,1 Months,Paytm,1 Years
1388041,432710,12 Months,Paytm,4 Years
1210884,432711,1 Months,Paytm,1 Years
1365814,432712,6 Months,NetBanking,3 Years
1115087,432713,12 Months,Paytm,4 Years
1875951,432714,12 Months,Paytm,4 Years
1243348,432715,3 Months,NetBanking,2 Years
1178393,432716,12 Months,Paytm,4 Years
1500502,432717,12 Months,Paytm,4 Years
1892811,432718,1 Months,Paytm,1 Years
1441760,432719,12 Months,Paytm,4 Years
1738676,432720,3 Months,NetBanking,2 Years
1217305,432721,3 Months,NetBanking,2 Years
1662684,432722,6 Months,NetBanking,3 Years
1586917,432723,3 Months,NetBanking,2 Years
1754897,432724,1 Months,Paytm,1 Years
1857539,432725,3 Months,NetBanking,2 Years
1463541,432726,12 Months,Paytm,4 Years
1607360,432727,3 Months,NetBanking,2 Years
1343586,432728,12 Months,Paytm,4 Years
1109612,432729,12 Months,Paytm,4 Years
1432750,432730,12 Months,Paytm,4 Years
1902302,432731,6 Months,NetBanking,3 Years
1519801,432732,1 Months,Paytm,1 Years
1312718,432733,3 Months,NetBanking,2 Years
1554006,432734,12 Months,Paytm,4 Years
1492967,432735,6 Months,NetBanking,3 Years
1442676,432736,6 Months,NetBanking,3 Years
1378210,432737,6 Months,NetBanking,3 Years
1774767,432738,3 Months,NetBanking,2 Years
1635448,432739,1 Months,Paytm,1 Years
1143985,432740,12 Months,Paytm,4 Years
1670066,432741,12 Months,Paytm,4 Years
1466670,432742,3 Months,NetBanking,2 Years
1447929,432743,1 Months,Paytm,1 Years
1618937,432744,6 Months,NetBanking,3 Years
1873573,432745,6 Months,NetBanking,3 Years
1830977,432746,6 Months,NetBanking,3 Years
1612355,432747,12 Months,Paytm,4 Years
1165234,432748,12 Months,Paytm,4 Years
1825343,432749,12 Months,Paytm,4 Years
1307369,432750,6 Months,NetBanking,3 Years
1403127,432751,1 Months,Paytm,1 Years
1852152,432752,12 Months,Paytm,4 Years
1510937,432753,12 Months,Paytm,4 Years
1354791,432754,3 Months,NetBanking,2 Years
1841389,432755,3 Months,NetBanking,2 Years
1854199,432756,1 Months,Paytm,1 Years
1256236,432757,1 Months,Paytm,1 Years
1503339,432758,12 Months,Paytm,4 Years
1500594,432759,3 Months,NetBanking,2 Years
1462065,432760,3 Months,NetBanking,2 Years
1474361,432761,12 Months,Paytm,4 Years
1764990,432762,3 Months,NetBanking,2 Years
1621121,432763,12 Months,Paytm,4 Years
1365958,432764,1 Months,Paytm,1 Years
1630681,432765,12 Months,Paytm,4 Years
1448317,432766,6 Months,NetBanking,3 Years
1744762,432767,12 Months,Paytm,4 Years
1655690,432768,3 Months,NetBanking,2 Years
1210184,432769,12 Months,Paytm,4 Years
1113231,432770,1 Months,Paytm,1 Years
1476817,432771,3 Months,NetBanking,2 Years
1143908,432772,3 Months,NetBanking,2 Years
1239641,432773,6 Months,NetBanking,3 Years
1826580,432774,12 Months,Paytm,4 Years
1826763,432775,3 Months,NetBanking,2 Years
1747933,432776,6 Months,NetBanking,3 Years
1257777,432777,3 Months,NetBanking,2 Years
1687945,432778,3 Months,NetBanking,2 Years
1513000,432779,1 Months,Paytm,1 Years
1502591,432780,12 Months,Paytm,4 Years
1886102,432781,3 Months,NetBanking,2 Years
1597354,432782,3 Months,NetBanking,2 Years
1391760,432783,6 Months,NetBanking,3 Years
1883131,432784,12 Months,Paytm,4 Years
1679090,432785,12 Months,Paytm,4 Years
1784512,432786,12 Months,Paytm,4 Years
1326708,432787,6 Months,NetBanking,3 Years
1443796,432788,1 Months,Paytm,1 Years
1862135,432789,3 Months,NetBanking,2 Years
1432788,432790,12 Months,Paytm,4 Years
1707666,432791,12 Months,Paytm,4 Years
1349046,432792,1 Months,Paytm,1 Years
1640552,432793,12 Months,Paytm,4 Years
1532989,432794,6 Months,NetBanking,3 Years
1300927,432795,3 Months,NetBanking,2 Years
1684799,432796,1 Months,Paytm,1 Years
1736925,432797,12 Months,Paytm,4 Years
1156429,432798,3 Months,NetBanking,2 Years
1495594,432799,3 Months,NetBanking,2 Years
1732994,432800,1 Months,Paytm,1 Years
1532977,432801,12 Months,Paytm,4 Years
1452733,432802,3 Months,NetBanking,2 Years
1304536,432803,3 Months,NetBanking,2 Years
1892638,432804,6 Months,NetBanking,3 Years
1175174,432805,12 Months,Paytm,4 Years
1360939,432806,1 Months,Paytm,1 Years
1637887,432807,3 Months,NetBanking,2 Years
1126684,432808,1 Months,Paytm,1 Years
1476071,432809,12 Months,Paytm,4 Years
1764381,432810,6 Months,NetBanking,3 Years
1654707,432811,12 Months,Paytm,4 Years
1504819,432812,12 Months,Paytm,4 Years
1680877,432813,6 Months,NetBanking,3 Years
1439887,432814,1 Months,Paytm,1 Years
1237671,432815,1 Months,Paytm,1 Years
1352279,432816,12 Months,Paytm,4 Years
1409197,432817,3 Months,NetBanking,2 Years
1448066,432818,3 Months,NetBanking,2 Years
1337177,432819,1 Months,Paytm,1 Years
1199661,432820,12 Months,Paytm,4 Years
1483329,432821,3 Months,NetBanking,2 Years
1401525,432822,3 Months,NetBanking,2 Years
1869013,432823,1 Months,Paytm,1 Years
1611783,432824,12 Months,Paytm,4 Years
1837760,432825,12 Months,Paytm,4 Years
1844813,432826,6 Months,NetBanking,3 Years
1554792,432827,3 Months,NetBanking,2 Years
1771489,432828,12 Months,Paytm,4 Years
1241112,432829,3 Months,NetBanking,2 Years
1770970,432830,3 Months,NetBanking,2 Years
1373246,432831,12 Months,Paytm,4 Years
1509620,432832,12 Months,Paytm,4 Years
1142576,432833,3 Months,NetBanking,2 Years
1671068,432834,12 Months,Paytm,4 Years
1538199,432835,1 Months,Paytm,1 Years
1482554,432836,3 Months,NetBanking,2 Years
1516876,432837,12 Months,Paytm,4 Years
1586174,432838,6 Months,NetBanking,3 Years
1168229,432839,6 Months,NetBanking,3 Years
1441925,432840,6 Months,NetBanking,3 Years
1662345,432841,12 Months,Paytm,4 Years
1649933,432842,3 Months,NetBanking,2 Years
1168468,432843,6 Months,NetBanking,3 Years
1875015,432844,12 Months,Paytm,4 Years
1273850,432845,6 Months,NetBanking,3 Years
1345875,432846,6 Months,NetBanking,3 Years
1774355,432847,3 Months,NetBanking,2 Years
1626519,432848,1 Months,Paytm,1 Years
1321826,432849,6 Months,NetBanking,3 Years
1412577,432850,3 Months,NetBanking,2 Years
1514997,432851,12 Months,Paytm,4 Years
1209193,432852,6 Months,NetBanking,3 Years
1656838,432853,3 Months,NetBanking,2 Years
1381175,432854,3 Months,NetBanking,2 Years
1430426,432855,12 Months,Paytm,4 Years
1776816,432856,12 Months,Paytm,4 Years
1178282,432857,12 Months,Paytm,4 Years
1657898,432858,3 Months,NetBanking,2 Years
1629275,432859,3 Months,NetBanking,2 Years
1846282,432860,1 Months,Paytm,1 Years
1607876,432861,12 Months,Paytm,4 Years
1735719,432862,3 Months,NetBanking,2 Years
1516902,432863,6 Months,NetBanking,3 Years
1127273,432864,12 Months,Paytm,4 Years
1789670,432865,3 Months,NetBanking,2 Years
1215142,432866,6 Months,NetBanking,3 Years
1346719,432867,12 Months,Paytm,4 Years
1280395,432868,12 Months,Paytm,4 Years
1695246,432869,12 Months,Paytm,4 Years
1372926,432870,3 Months,NetBanking,2 Years
1314021,432871,12 Months,Paytm,4 Years
1152616,432872,3 Months,NetBanking,2 Years
1849511,432873,3 Months,NetBanking,2 Years
1153145,432874,3 Months,NetBanking,2 Years
1532256,432875,12 Months,Paytm,4 Years
1392809,432876,3 Months,NetBanking,2 Years
1619368,432877,3 Months,NetBanking,2 Years
1133947,432878,3 Months,NetBanking,2 Years
1169619,432879,6 Months,NetBanking,3 Years
1215207,432880,6 Months,NetBanking,3 Years
1349113,432881,3 Months,NetBanking,2 Years
1188964,432882,3 Months,NetBanking,2 Years
1695402,432883,12 Months,Paytm,4 Years
1183707,432884,6 Months,NetBanking,3 Years
1216943,432885,12 Months,Paytm,4 Years
1782832,432886,3 Months,NetBanking,2 Years
1892474,432887,12 Months,Paytm,4 Years
1652800,432888,3 Months,NetBanking,2 Years
1643428,432889,12 Months,Paytm,4 Years
1221330,432890,1 Months,Paytm,1 Years
1106688,432891,3 Months,NetBanking,2 Years
1264018,432892,12 Months,Paytm,4 Years
1412879,432893,12 Months,Paytm,4 Years
1165210,432894,6 Months,NetBanking,3 Years
1399194,432895,12 Months,Paytm,4 Years
1833657,432896,6 Months,NetBanking,3 Years
1292645,432897,12 Months,Paytm,4 Years
1536162,432898,6 Months,NetBanking,3 Years
1668971,432899,12 Months,Paytm,4 Years
1216844,432900,12 Months,Paytm,4 Years
1601024,432901,1 Months,Paytm,1 Years
1391686,432902,12 Months,Paytm,4 Years
1504217,432903,1 Months,Paytm,1 Years
1800745,432904,6 Months,NetBanking,3 Years
1282922,432905,3 Months,NetBanking,2 Years
1837579,432906,1 Months,Paytm,1 Years
1612689,432907,3 Months,NetBanking,2 Years
1746834,432908,12 Months,Paytm,4 Years
1708009,432909,3 Months,NetBanking,2 Years
1331312,432910,12 Months,Paytm,4 Years
1621486,432911,12 Months,Paytm,4 Years
1868234,432912,1 Months,Paytm,1 Years
1358207,432913,12 Months,Paytm,4 Years
1888759,432914,3 Months,NetBanking,2 Years
1239673,432915,6 Months,NetBanking,3 Years
1691986,432916,12 Months,Paytm,4 Years
1298469,432917,12 Months,Paytm,4 Years
1197388,432918,6 Months,NetBanking,3 Years
1721124,432919,12 Months,Paytm,4 Years
1462018,432920,6 Months,NetBanking,3 Years
1235848,432921,6 Months,NetBanking,3 Years
1714471,432922,12 Months,Paytm,4 Years
1425297,432923,12 Months,Paytm,4 Years
1325035,432924,12 Months,Paytm,4 Years
1537731,432925,12 Months,Paytm,4 Years
1175864,432926,12 Months,Paytm,4 Years
1278263,432927,3 Months,NetBanking,2 Years
1700305,432928,12 Months,Paytm,4 Years
1730881,432929,12 Months,Paytm,4 Years
1687239,432930,12 Months,Paytm,4 Years
1291883,432931,12 Months,Paytm,4 Years
1876616,432932,12 Months,Paytm,4 Years
1888544,432933,1 Months,Paytm,1 Years
1185509,432934,3 Months,NetBanking,2 Years
1114818,432935,12 Months,Paytm,4 Years
1410684,432936,3 Months,NetBanking,2 Years
1129775,432937,12 Months,Paytm,4 Years
1113703,432938,3 Months,NetBanking,2 Years
1458796,432939,3 Months,NetBanking,2 Years
1859102,432940,12 Months,Paytm,4 Years
1105364,432941,3 Months,NetBanking,2 Years
1552102,432942,12 Months,Paytm,4 Years
1768642,432943,6 Months,NetBanking,3 Years
1545112,432944,12 Months,Paytm,4 Years
1617637,432945,6 Months,NetBanking,3 Years
1569484,432946,12 Months,Paytm,4 Years
1372040,432947,12 Months,Paytm,4 Years
1889303,432948,3 Months,NetBanking,2 Years
1414229,432949,12 Months,Paytm,4 Years
1251047,432950,6 Months,NetBanking,3 Years
1755345,432951,12 Months,Paytm,4 Years
1228039,432952,12 Months,Paytm,4 Years
1675569,432953,12 Months,Paytm,4 Years
1258889,432954,12 Months,Paytm,4 Years
1873693,432955,3 Months,NetBanking,2 Years
1513715,432956,12 Months,Paytm,4 Years
1609859,432957,12 Months,Paytm,4 Years
1867602,432958,12 Months,Paytm,4 Years
1631439,432959,12 Months,Paytm,4 Years
1739359,432960,3 Months,NetBanking,2 Years
1487299,432961,1 Months,Paytm,1 Years
1713111,432962,6 Months,NetBanking,3 Years
1207751,432963,12 Months,Paytm,4 Years
1848913,432964,3 Months,NetBanking,2 Years
1366939,432965,1 Months,Paytm,1 Years
1109861,432966,3 Months,NetBanking,2 Years
1662902,432967,6 Months,NetBanking,3 Years
1434140,432968,12 Months,Paytm,4 Years
1310244,432969,12 Months,Paytm,4 Years
1455390,432970,12 Months,Paytm,4 Years
1436351,432971,3 Months,NetBanking,2 Years
1771663,432972,12 Months,Paytm,4 Years
1646485,432973,3 Months,NetBanking,2 Years
1113817,432974,6 Months,NetBanking,3 Years
1834364,432975,6 Months,NetBanking,3 Years
1170672,432976,3 Months,NetBanking,2 Years
1300764,432977,1 Months,Paytm,1 Years
1725992,432978,3 Months,NetBanking,2 Years
1864186,432979,12 Months,Paytm,4 Years
1596340,432980,3 Months,NetBanking,2 Years
1226103,432981,6 Months,NetBanking,3 Years
1225173,432982,12 Months,Paytm,4 Years
1632164,432983,3 Months,NetBanking,2 Years
1227188,432984,12 Months,Paytm,4 Years
1529209,432985,12 Months,Paytm,4 Years
1324304,432986,3 Months,NetBanking,2 Years
1331183,432987,6 Months,NetBanking,3 Years
1296225,432988,12 Months,Paytm,4 Years
1527920,432989,12 Months,Paytm,4 Years
1319710,432990,6 Months,NetBanking,3 Years
1649832,432991,12 Months,Paytm,4 Years
1282362,432992,3 Months,NetBanking,2 Years
1148187,432993,6 Months,NetBanking,3 Years
1609255,432994,12 Months,Paytm,4 Years
1752833,432995,6 Months,NetBanking,3 Years
1865216,432996,3 Months,NetBanking,2 Years
1313830,432997,3 Months,NetBanking,2 Years
1731499,432998,12 Months,Paytm,4 Years
1209302,432999,12 Months,Paytm,4 Years
1714483,433000,12 Months,Paytm,4 Years
1237910,433001,6 Months,NetBanking,3 Years
1132898,433002,12 Months,Paytm,4 Years
1775542,433003,3 Months,NetBanking,2 Years
1591350,433004,12 Months,Paytm,4 Years
1398582,433005,12 Months,Paytm,4 Years
1596230,433006,3 Months,NetBanking,2 Years
1785162,433007,12 Months,Paytm,4 Years
1157193,433008,12 Months,Paytm,4 Years
1192570,433009,12 Months,Paytm,4 Years
1710864,433010,3 Months,NetBanking,2 Years
1566750,433011,6 Months,NetBanking,3 Years
1902547,433012,6 Months,NetBanking,3 Years
1759209,433013,3 Months,NetBanking,2 Years
1808244,433014,3 Months,NetBanking,2 Years
1201646,433015,3 Months,NetBanking,2 Years
1607767,433016,3 Months,NetBanking,2 Years
1330120,433017,3 Months,NetBanking,2 Years
1326318,433018,12 Months,Paytm,4 Years
1374670,433019,3 Months,NetBanking,2 Years
1524976,433020,3 Months,NetBanking,2 Years
1883700,433021,12 Months,Paytm,4 Years
1269924,433022,1 Months,Paytm,1 Years
1597065,433023,12 Months,Paytm,4 Years
1324619,433024,3 Months,NetBanking,2 Years
1215860,433025,12 Months,Paytm,4 Years
1425802,433026,12 Months,Paytm,4 Years
1777992,433027,12 Months,Paytm,4 Years
1881691,433028,1 Months,Paytm,1 Years
1378093,433029,1 Months,Paytm,1 Years
1636229,433030,3 Months,NetBanking,2 Years
1578419,433031,12 Months,Paytm,4 Years
1860396,433032,12 Months,Paytm,4 Years
1624943,433033,3 Months,NetBanking,2 Years
1620731,433034,3 Months,NetBanking,2 Years
1562605,433035,6 Months,NetBanking,3 Years
1465475,433036,6 Months,NetBanking,3 Years
1321302,433037,12 Months,Paytm,4 Years
1396513,433038,12 Months,Paytm,4 Years
1612911,433039,12 Months,Paytm,4 Years
1714860,433040,6 Months,NetBanking,3 Years
1566194,433041,12 Months,Paytm,4 Years
1851627,433042,6 Months,NetBanking,3 Years
1207853,433043,3 Months,NetBanking,2 Years
1891556,433044,12 Months,Paytm,4 Years
1295527,433045,12 Months,Paytm,4 Years
1184172,433046,12 Months,Paytm,4 Years
1121429,433047,12 Months,Paytm,4 Years
1163715,433048,12 Months,Paytm,4 Years
1851827,433049,12 Months,Paytm,4 Years
1175107,433050,6 Months,NetBanking,3 Years
1262341,433051,3 Months,NetBanking,2 Years
1847909,433052,12 Months,Paytm,4 Years
1627071,433053,3 Months,NetBanking,2 Years
1501276,433054,12 Months,Paytm,4 Years
1300945,433055,6 Months,NetBanking,3 Years
1467259,433056,12 Months,Paytm,4 Years
1621154,433057,12 Months,Paytm,4 Years
1546272,433058,12 Months,Paytm,4 Years
1223571,433059,3 Months,NetBanking,2 Years
1344883,433060,1 Months,Paytm,1 Years
1894721,433061,3 Months,NetBanking,2 Years
1839877,433062,3 Months,NetBanking,2 Years
1792973,433063,3 Months,NetBanking,2 Years
1604138,433064,3 Months,NetBanking,2 Years
1165411,433065,3 Months,NetBanking,2 Years
1142707,433066,12 Months,Paytm,4 Years
1511482,433067,12 Months,Paytm,4 Years
1506652,433068,12 Months,Paytm,4 Years
1690613,433069,3 Months,NetBanking,2 Years
1341536,433070,3 Months,NetBanking,2 Years
1181133,433071,3 Months,NetBanking,2 Years
1620525,433072,3 Months,NetBanking,2 Years
1316293,433073,12 Months,Paytm,4 Years
1214474,433074,1 Months,Paytm,1 Years
1656780,433075,3 Months,NetBanking,2 Years
1620879,433076,3 Months,NetBanking,2 Years
1277992,433077,1 Months,Paytm,1 Years
1718184,433078,12 Months,Paytm,4 Years
1875017,433079,12 Months,Paytm,4 Years
1348796,433080,1 Months,Paytm,1 Years
1853451,433081,3 Months,NetBanking,2 Years
1561011,433082,12 Months,Paytm,4 Years
1461746,433083,12 Months,Paytm,4 Years
1708241,433084,12 Months,Paytm,4 Years
1697111,433085,3 Months,NetBanking,2 Years
1629759,433086,1 Months,Paytm,1 Years
1797093,433087,3 Months,NetBanking,2 Years
1484251,433088,1 Months,Paytm,1 Years
1224220,433089,12 Months,Paytm,4 Years
1631343,433090,1 Months,Paytm,1 Years
1379089,433091,6 Months,NetBanking,3 Years
1566487,433092,3 Months,NetBanking,2 Years
1324370,433093,6 Months,NetBanking,3 Years
1597372,433094,12 Months,Paytm,4 Years
1230532,433095,12 Months,Paytm,4 Years
1277957,433096,6 Months,NetBanking,3 Years
1233898,433097,3 Months,NetBanking,2 Years
1903505,433098,3 Months,NetBanking,2 Years
1838598,433099,1 Months,Paytm,1 Years
1420837,433100,1 Months,Paytm,1 Years
1106411,433101,1 Months,Paytm,1 Years
1855489,433102,12 Months,Paytm,4 Years
1830446,433103,12 Months,Paytm,4 Years
1441977,433104,1 Months,Paytm,1 Years
1856513,433105,12 Months,Paytm,4 Years
1406906,433106,6 Months,NetBanking,3 Years
1484297,433107,1 Months,Paytm,1 Years
1740610,433108,12 Months,Paytm,4 Years
1297322,433109,3 Months,NetBanking,2 Years
1794786,433110,12 Months,Paytm,4 Years
1843702,433111,12 Months,Paytm,4 Years
1853266,433112,12 Months,Paytm,4 Years
1584434,433113,12 Months,Paytm,4 Years
1622389,433114,3 Months,NetBanking,2 Years
1601048,433115,12 Months,Paytm,4 Years
1210748,433116,3 Months,NetBanking,2 Years
1584674,433117,12 Months,Paytm,4 Years
1773509,433118,3 Months,NetBanking,2 Years
1315873,433119,3 Months,NetBanking,2 Years
1659170,433120,1 Months,Paytm,1 Years
1161027,433121,1 Months,Paytm,1 Years
1666331,433122,3 Months,NetBanking,2 Years
1853070,433123,3 Months,NetBanking,2 Years
1355404,433124,12 Months,Paytm,4 Years
1655259,433125,3 Months,NetBanking,2 Years
1662480,433126,3 Months,NetBanking,2 Years
1637827,433127,12 Months,Paytm,4 Years
1107910,433128,12 Months,Paytm,4 Years
1286651,433129,12 Months,Paytm,4 Years
1386565,433130,3 Months,NetBanking,2 Years
1782237,433131,6 Months,NetBanking,3 Years
1755205,433132,6 Months,NetBanking,3 Years
1570934,433133,3 Months,NetBanking,2 Years
1825579,433134,12 Months,Paytm,4 Years
1705740,433135,3 Months,NetBanking,2 Years
1466304,433136,3 Months,NetBanking,2 Years
1880388,433137,3 Months,NetBanking,2 Years
1782965,433138,1 Months,Paytm,1 Years
1775563,433139,3 Months,NetBanking,2 Years
1355517,433140,3 Months,NetBanking,2 Years
1490831,433141,6 Months,NetBanking,3 Years
1902571,433142,1 Months,Paytm,1 Years
1555553,433143,12 Months,Paytm,4 Years
1633096,433144,3 Months,NetBanking,2 Years
1866309,433145,3 Months,NetBanking,2 Years
1354034,433146,1 Months,Paytm,1 Years
1365267,433147,12 Months,Paytm,4 Years
1237705,433148,12 Months,Paytm,4 Years
1609685,433149,6 Months,NetBanking,3 Years
1615010,433150,6 Months,NetBanking,3 Years
1880194,433151,12 Months,Paytm,4 Years
1114064,433152,12 Months,Paytm,4 Years
1758046,433153,12 Months,Paytm,4 Years
1824545,433154,12 Months,Paytm,4 Years
1660770,433155,12 Months,Paytm,4 Years